method,scaffold_diversity,internal_diversity,lipinski_pass
random,6.147792942333702e-05,0.8727453428284458,0.9910242223041928
genetic_algorithm,0.02631578947368421,0.4298629507560072,0.0
hill_climbing,0.001004016064257028,0.8580425574906783,0.8795180722891566
smiles_rnn,0.010072895957587806,0.6081458537515945,0.10523525513585155
