method,scaffold_diversity,internal_diversity,lipinski_pass
random,6.147792942333702e-05,0.8727453428284458,0.9910242223041928
genetic_algorithm,0.006535947712418301,0.5726742837055466,0.41830065359477125
hill_climbing,0.001001001001001001,0.8622742529745175,0.8718718718718719
smiles_rnn,0.08552108194112967,0.352655946611256,0.5676213206046141
