method,total,potency,novelty,resistance,qed,sa
random,0.07992288584270402,0.3708965599536896,0.9924194002363886,0.9796637033285265,0.05873801188248845,0.41467676082378163
genetic_algorithm,0.13999733684937235,0.5580665111541748,0.9920662174554005,0.9787264566913201,0.013938335396324598,0.6631793239042291
hill_climbing,0.13509233461639292,0.4694442242383957,0.9924522744157704,0.979748903318842,0.04855866303915346,0.38551959446074574
smiles_rnn,0.5166547819181829,0.38803164958953856,0.9784813855879172,0.9439851395458378,0.07546245995711963,0.7114298536044703
