method,total,potency,novelty,resistance,qed,sa
random,0.08324917773855363,0.4406691789627075,0.9925850036367164,0.9801036314072041,0.05800143885580752,0.40836585879325665
genetic_algorithm,0.4070141977792291,0.3224658131599426,0.9922491281271124,0.9792090266392923,0.042043425290946665,0.4007591902804202
hill_climbing,0.13241226021240565,0.5463667452335358,0.9928255691074668,0.9807377892822094,0.038440786594469846,0.38296367175706114
smiles_rnn,0.45565297494033796,0.5772538244724273,0.8782788564082591,0.7424210897937985,0.43667670270436665,0.6527232711559009
