method,validity,scaffold_diversity,internal_diversity,lipinski_pass
random,1.0,5e-05,0.871854049069217,0.9927
genetic_algorithm,1.0,0.005494505494505495,0.5148561561479208,0.07692307692307693
hill_climbing,1.0,0.001,0.8513437039660698,0.853
smiles_rnn,1.0,0.11926121372031662,0.6254000125133062,0.9952506596306069
