method,n,mean,max,top10,top100
random,16266,0.011720655843097545,0.09598162432398256,0.07992288622988077,0.06045292309751656
genetic_algorithm,153,0.3554015799463589,0.459658369661708,0.4556516506061197,0.4171911247493059
hill_climbing,999,0.04277105111757174,0.13508352334179882,0.1282354911967246,0.10928461255921729
smiles_rnn,2514,0.3967254433969606,0.5656014068614739,0.5461314489972002,0.5069934680043189
