method,n,mean,max,top10,top100
random,16266,0.009071301584520923,0.07050089573594073,0.05832917377763526,0.04456752415546254
genetic_algorithm,100,0.31100593228834283,0.3398337889620821,0.3364640850816557,0.31100593228834283
hill_climbing,999,0.033931144114158936,0.1077923690655089,0.09464182483101943,0.08050217857946268
smiles_rnn,12958,0.41513808987740103,0.49474799890371945,0.4786746936751438,0.46449105753192904
