method,n,mean,max,top10,top100
random,20000,0.010727179607127246,0.1014027476113159,0.08324917715643007,0.06321263574808209
genetic_algorithm,182,0.35351272520067184,0.4150862584064541,0.4070141937189091,0.3843427860708031
hill_climbing,1000,0.04631215196927685,0.13982945124771776,0.13241226038224307,0.1122484086011363
smiles_rnn,1895,0.1797636714275389,0.5208459151268542,0.45565297282749323,0.34482198187546986
