,auroc,auprc,precision,recall,rmse_logmic,mae_logmic
saureus,0.8248778802067617,0.8187328144937646,0.8327501749475158,0.5534883720930233,0.8686797618865967,0.6493090391159058
ecoli,0.8720055137066086,0.8436058107977982,0.8419936373276776,0.6088957055214724,0.7493928074836731,0.5426753163337708
