,auroc,auprc,precision,recall,rmse_logmic,mae_logmic
saureus,0.84468078659794,0.8578321223415937,0.8465430016863407,0.6634361233480176,0.8626205921173096,0.6159765720367432
ecoli,0.86311016486516,0.8199065163705931,0.8569553805774278,0.6074418604651163,0.8215723037719727,0.5351880788803101
