size_c,n,total_mean,total_std,total_p5,total_p95,potency_mean,potency_std,qed_std,sa_std
20.0,500,0.1298524928887364,0.03839029257935966,0.07207958929177842,0.19445096845106674,0.5035943965315819,0.07800040240283232,0.1417053953800195,0.08243725375656977
25.0,500,0.08364641094825569,0.04085175834913878,0.03204716441929022,0.16411878398969032,0.49942507535219194,0.07960643502368799,0.13988059809731504,0.08403409070917488
30.0,500,0.04746465257490063,0.034254233268232945,0.013826826873023626,0.11643141601146402,0.500713916093111,0.0785355743371999,0.14428518341655705,0.07353115106967374
35.0,500,0.025131304317639023,0.021547989616735964,0.005400159163993112,0.06459237985320714,0.500945728033781,0.08248543642878088,0.1447261892389958,0.07432276036018332
