size_c,n,total_mean,total_std,total_p5,total_p95,potency_mean,potency_std,qed_std,sa_std
20.0,500,0.07053004687819853,0.025832373983486805,0.034213564008878594,0.11660871992596095,0.5279374105930328,0.06686455664847263,0.1417053953800195,0.08243725375656977
25.0,500,0.04376721477923671,0.025561689011024367,0.01427794248276936,0.09730596998833983,0.5259341793060303,0.07231272120547963,0.13988059809731504,0.08403409070917488
30.0,500,0.024060376411291544,0.02042919676239839,0.006203934598394064,0.06612551743212364,0.5290146089196205,0.06964411491249108,0.14428518341655705,0.07353115106967374
35.0,500,0.012223696063068707,0.011629133862050322,0.0023658717679004297,0.03263130768272727,0.5297315664291382,0.07193005097853317,0.1447261892389958,0.07432276036018332
