summary_n,summary_mean,summary_max,summary_top10,summary_top100,components_total,components_potency,components_novelty,components_resistance,components_qed,components_sa,quality_scaffold_diversity,quality_internal_diversity,quality_lipinski_pass,quality_novelty_vs_drugbank
20032,0.2198873511171937,0.5829110719344657,0.5363064037476618,0.49739414299428936,0.5363063971536258,0.5627940028905869,0.9893872339871193,0.9716711780660002,0.15596891872056978,0.6471535301334049,0.7631789137380192,0.9126729453903735,0.5301517571884984,1.0
