summary_n,summary_mean,summary_max,summary_top10,summary_top100,components_total,components_potency,components_novelty,components_resistance,components_qed,components_sa,quality_validity,quality_scaffold_diversity,quality_internal_diversity,quality_lipinski_pass,quality_novelty_vs_drugbank
20032,0.21633799130347597,0.6506209521102843,0.5548681773142893,0.5049974517937466,0.5548681855691823,0.5613179206848145,0.9871925848478684,0.9659599204055189,0.1730070789668978,0.6546883402759172,1.0,0.9279652555910544,0.9105415785676567,0.6099241214057508,1.0
