summary_n,summary_mean,summary_max,summary_top10,summary_top100,components_total,components_potency,components_novelty,components_resistance,components_qed,components_sa,quality_scaffold_diversity,quality_internal_diversity,quality_lipinski_pass,quality_novelty_vs_drugbank
20030,0.15667250018187226,0.48417247885189346,0.41282249066840737,0.35699709201060514,0.41282249218208966,0.49042305946350095,0.9878344374044434,0.9676174936399071,0.12618626443096673,0.7976913379853551,0.6952071892161757,0.9103526417073362,0.5193709435846231,0.9999500748876685
