pool,property_kl,fcd,scaffold_dominance,pains_pass,brenk_pass
rl,1.5633869856219835,24.51199413313993,0.1786320519221168,0.9770344483275087,0.05876185721417873
random,5.2009043507035235,44.19883761441551,1.0,1.0,0.012480019672937416
genetic_algorithm,8.411459686270884,55.574991788306086,1.0,1.0,0.01
hill_climbing,1.6998572919635981,44.51317414343501,1.0,1.0,0.012012012012012012
smiles_rnn,11.017876083395333,71.87507180929784,0.9997684827905541,1.0,0.0003858620157431702
