pool,property_kl,fcd,scaffold_dominance,pains_pass,brenk_pass
rl,1.4014581069017042,24.494719471152578,0.11791134185303515,0.9837759584664537,0.06953873801916934
random,5.2009043507035235,44.19883570702929,1.0,1.0,0.012480019672937416
genetic_algorithm,6.590398372607655,51.98497224361036,1.0,1.0,0.0
hill_climbing,1.728905037939521,45.596756637855464,1.0,1.0,0.008008008008008008
smiles_rnn,3.021181670083189,48.86329311184469,0.4968178202068417,0.9996022275258553,0.059665871121718374
