phase,n,reward,qed,sa,lipinski,size,composition
1,6016,0.22367932625500658,0.3174983615791545,0.3597150284257981,0.6073803191489362,33.25132978723404,0.6594512264354033
2,10015,0.2179928666833863,0.21450822824647853,0.4224974818964718,0.5132301547678483,32.990813779331006,0.6463730633298664
3,4000,0.21889568428698408,0.2030211348684051,0.3981077831180695,0.45625,34.286,0.6079666245477945
