pool,property_kl,fcd,scaffold_dominance,uniqueness,pains_pass,brenk_pass
rl,1.2953068472668343,23.86007854615857,0.019568690095846646,1.0,0.9849241214057508,0.10682907348242812
random,6.080640183404948,43.84269081464664,1.0,0.8133,1.0,0.0406
genetic_algorithm,7.8165829639427935,55.24773506981884,1.0,0.6593406593406593,1.0,0.005494505494505495
hill_climbing,1.6622540343632357,45.85237989230693,1.0,0.998,1.0,0.002
smiles_rnn,2.688642939274169,32.65510962049251,0.3071240105540897,0.6279683377308707,0.9978891820580474,0.8089709762532982
