phase,n,reward,qed,sa,lipinski,size,composition
1,6014,0.1593974694210738,0.29421232091110966,0.3803109272091251,0.5813102760226139,33.334552710342535,0.6589837884846176
2,10015,0.15428610248304062,0.2012279775875312,0.42968233032891606,0.509236145781328,32.71492760858712,0.6462387386474144
3,4000,0.15848156008666453,0.18987574996389725,0.4071608322292652,0.45175,34.29325,0.6268316862218313
