baseline,mwu_p_raw,mwu_p_bonf,cliffs_delta,rl_top10_mean,rl_top10_lo,rl_top10_hi,base_top10_mean,base_top10_lo,base_top10_hi
random,0.0,0.0,0.9783798481547321,0.4114183516949773,0.39020031661682986,0.4355871004902572,0.05805278009376936,0.053548419830477444,0.06265883896621245
genetic_algorithm,1.0,1.0,-0.920372441337993,0.4114183516949773,0.39020031661682986,0.4355871004902572,0.3363403366960679,0.3345646034158453,0.33771959922976164
hill_climbing,0.0,0.0,0.8317655648659144,0.4114183516949773,0.39020031661682986,0.4355871004902572,0.09449576682594638,0.09029999620804899,0.09916343989956874
smiles_rnn,1.0,1.0,-0.9837622405718479,0.4114183516949773,0.39020031661682986,0.4355871004902572,0.47837181014038305,0.47191807511847234,0.48634360728656995
