baseline,mwu_p_raw,mwu_p_bonf,cliffs_delta,rl_top10_mean,rl_top10_lo,rl_top10_hi,base_top10_mean,base_top10_lo,base_top10_hi
random,0.0,0.0,0.9756743968042869,0.535502705499047,0.5208843849428652,0.5522272077611778,0.0795996787940903,0.07333277064529069,0.08630129436863336
genetic_algorithm,1.0,1.0,-0.5971628401094198,0.535502705499047,0.5208843849428652,0.5522272077611778,0.4553888929045169,0.4526884235186918,0.4574133832498008
hill_climbing,0.0,0.0,0.8366104722933796,0.535502705499047,0.5208843849428652,0.5522272077611778,0.1278935484570308,0.12316746498539502,0.13155293165257975
smiles_rnn,1.0,1.0,-0.7651216287829687,0.535502705499047,0.5208843849428652,0.5522272077611778,0.5449005431882414,0.5334070057189257,0.5542828664611344
