pool,property_kl,fcd,scaffold_dominance,pains_pass,brenk_pass
rl,1.483914280998801,24.145263494469233,0.010333466453674122,0.9802815495207667,0.08386581469648563
random,5.2009043507035235,44.19883570702929,1.0,1.0,0.012480019672937416
genetic_algorithm,12.999749597929508,65.67086939296176,1.0,1.0,0.0
hill_climbing,1.8103863954529378,45.44578142793094,1.0,1.0,0.01104417670682731
smiles_rnn,7.300199021665394,57.79373134786224,0.9848906560636183,0.9984095427435388,0.011795891318754142
