baseline,mwu_p_raw,mwu_p_bonf,cliffs_delta,rl_top10_mean,rl_top10_lo,rl_top10_hi,base_top10_mean,base_top10_lo,base_top10_hi
random,0.0,0.0,0.9784077326277956,0.5544019415839186,0.531600669770767,0.585619542267938,0.08298430951549267,0.07569238437561665,0.09110230794310985
genetic_algorithm,1.0,1.0,-0.6422762042270829,0.5544019415839186,0.531600669770767,0.585619542267938,0.4063032540267268,0.3993484389984694,0.41140564974134364
hill_climbing,0.0,0.0,0.8127558905750798,0.5544019415839186,0.531600669770767,0.585619542267938,0.13212109886020384,0.12891787998479748,0.1353220114534097
smiles_rnn,6.660692933474828e-31,2.6642771733899313e-30,0.1595651706609793,0.5544019415839186,0.531600669770767,0.585619542267938,0.453091901629883,0.4197167509187878,0.4858422839415559
