baseline,mwu_p_raw,mwu_p_bonf,cliffs_delta,rl_top10_mean,rl_top10_lo,rl_top10_hi,base_top10_mean,base_top10_lo,base_top10_hi
random,0.0,0.0,0.9745821047568204,0.5707129296055068,0.5494841425826584,0.5922837706507514,0.07959967813015772,0.0733327697949992,0.08630129313280156
genetic_algorithm,3.0322908215263512e-05,0.00012129163286105405,0.37596424667899786,0.5707129296055068,0.5494841425826584,0.5922837706507514,0.13985296939438877,0.1344634621498549,0.14616279400543092
hill_climbing,0.0,0.0,0.8165122550906501,0.5707129296055068,0.5494841425826584,0.5922837706507514,0.13495706779937053,0.12585190687669723,0.1482006191839485
smiles_rnn,1.0,1.0,-0.5549824389657794,0.5707129296055068,0.5494841425826584,0.5922837706507514,0.516278004637123,0.5098511779179271,0.5239481538829491
