n,pearson_r,binary_agreement,gnn_active_fraction,mic_threshold,agreement_threshold
20032,0.24627892752123967,0.6024860223642172,0.22169528753993611,10.0,0.5
