n,pearson_r,binary_agreement,gnn_active_fraction,mic_threshold,agreement_threshold
20032,0.21702084887725606,0.5636980830670927,0.23846845047923323,10.0,0.5
