n,pearson_r,binary_agreement,gnn_active_fraction,mic_threshold,agreement_threshold
20030,0.22816164588405807,0.628806789815277,0.18946580129805293,10.0,0.5
